{
    "filename": "osopentoid_202105",
    "productCreationDate": "2021-05",
    "productPublicationName": "Epoch 9",
    "sourceProduct1": {
        "productName": "OS MasterMap Topography Layer",
        "productPublicationDate": "2021-05",
        "featureType": [
            "TopographicArea",
            "TopographicLine",
            "TopographicPoint"
        ]
    },
    "sourceProduct2": {
        "productName": "OS MasterMap Sites Layer",
        "productPublicationDate": "2021-04",
        "featureType": [
            "FunctionalSite"
        ]
    },
    "sourceProduct3": {
        "productName": "OS MasterMap Highways",
        "productPublicationDate": "2021-05",
        "featureType": [
            "RoadLink",
            "RoadNode",
            "PathLink",
            "Structure"
        ]
    }
}